study_cd,study_title,study_content,user_id,study_limit,closed_at,study_status,created_at
1,초보자를 위한 파이썬 스터디,"함께 파이썬을 깊이 탐구해 봅시다!
이 스터디는 장춘자님이 주최했습니다.",gimyejun@naver.com,6,2025-03-23 16:52:25,open,2024-11-21 16:52:25
2,초보자를 위한 디자인 스터디,"디자인에 관심 있는 누구나 참여할 수 있습니다.
이 스터디는 조영호님이 주최했습니다.",coedoyun@daum.net,5,2025-05-13 16:52:25,open,2024-12-18 16:52:25
3,초보자를 위한 파이썬 스터디,"이 스터디는 파이썬 학습의 시작점입니다.
이 스터디는 권민지님이 주최했습니다.",lgim@naver.com,6,2025-06-03 16:52:25,open,2024-07-25 16:52:25
4,초보자를 위한 웹 개발 스터디,"이 스터디는 웹 개발 학습의 시작점입니다.
이 스터디는 김동현님이 주최했습니다.",ji@hanmail.net,10,2025-06-13 16:52:25,open,2024-09-10 16:52:25
5,심화 학습 인공지능 스터디,"인공지능에 관심 있는 누구나 참여할 수 있습니다.
이 스터디는 이유진님이 주최했습니다.",sumin07@naver.com,7,2025-01-26 16:52:25,open,2024-11-16 16:52:25
6,전문가를 위한 데이터 분석 스터디,"함께 데이터 분석을 깊이 탐구해 봅시다!
이 스터디는 민지혜님이 주최했습니다.",seoyeong10@daum.net,6,2025-03-21 16:52:25,open,2024-10-01 16:52:25
7,초보자를 위한 파이썬 스터디,"초보자도 쉽게 따라올 수 있는 파이썬 스터디입니다.
이 스터디는 김상훈님이 주최했습니다.",ihyeonu@hanmail.net,5,2025-04-26 16:52:25,open,2024-09-29 16:52:25
8,중급자를 위한 데이터 분석 스터디,"함께 배우는 데이터 분석의 기초부터 심화까지
이 스터디는 이현준님이 주최했습니다.",gangseongho@kakao.com,10,2025-05-22 16:52:25,open,2024-08-11 16:52:25
9,초보자를 위한 인공지능 스터디,"함께 배우는 인공지능의 기초부터 심화까지
이 스터디는 송영순님이 주최했습니다.",yeongsunhong@hanmail.net,9,2025-04-10 16:52:25,open,2024-07-19 16:52:25
10,중급자를 위한 수학 스터디,"함께 수학을 깊이 탐구해 봅시다!
이 스터디는 박중수님이 주최했습니다.",gimhayun@daum.net,9,2025-03-15 16:52:25,open,2024-06-29 16:52:25
11,초보자를 위한 파이썬 스터디,"이 스터디는 파이썬 학습의 시작점입니다.
이 스터디는 이은경님이 주최했습니다.",igim@gmail.com,7,2025-02-14 16:52:25,open,2024-10-28 16:52:25
12,초보자를 위한 인공지능 스터디,"함께 인공지능을 깊이 탐구해 봅시다!
이 스터디는 김민석님이 주최했습니다.",ii@gmail.com,8,2025-04-28 16:52:25,open,2024-11-15 16:52:25
13,기초부터 시작하는 데이터 분석 스터디,"이 스터디는 데이터 분석 학습의 시작점입니다.
이 스터디는 지영진님이 주최했습니다.",eunyeongi@kakao.com,10,2025-04-03 16:52:25,open,2024-06-30 16:52:25
14,초보자를 위한 웹 개발 스터디,"이 스터디는 웹 개발 학습의 시작점입니다.
이 스터디는 윤민석님이 주최했습니다.",jangsangho@gmail.com,9,2025-03-28 16:52:25,open,2024-11-15 16:52:25
15,전문가를 위한 인공지능 스터디,"함께 인공지능을 깊이 탐구해 봅시다!
이 스터디는 우지연님이 주최했습니다.",agim@kakao.com,10,2025-06-16 16:52:25,open,2024-10-31 16:52:25
16,기초부터 시작하는 수학 스터디,"함께 배우는 수학의 기초부터 심화까지
이 스터디는 김지연님이 주최했습니다.",munjaeho@kakao.com,6,2025-02-02 16:52:25,open,2024-10-07 16:52:25
17,전문가를 위한 데이터 분석 스터디,"함께 배우는 데이터 분석의 기초부터 심화까지
이 스터디는 민준서님이 주최했습니다.",coemyeongsug@hanmail.net,6,2025-06-19 16:52:25,open,2024-10-07 16:52:25
18,심화 학습 디자인 스터디,"초보자도 쉽게 따라올 수 있는 디자인 스터디입니다.
이 스터디는 송현지님이 주최했습니다.",minsuyang@naver.com,8,2025-05-22 16:52:25,open,2024-11-20 16:52:25
19,기초부터 시작하는 머신러닝 스터디,"이 스터디는 머신러닝 학습의 시작점입니다.
이 스터디는 문승현님이 주최했습니다.",seojunbag@gmail.com,10,2025-06-17 16:52:25,open,2024-08-11 16:52:25
20,기초부터 시작하는 디자인 스터디,"디자인에 관심 있는 누구나 참여할 수 있습니다.
이 스터디는 이정숙님이 주최했습니다.",caeweongweon@naver.com,8,2025-06-23 16:52:25,open,2024-09-15 16:52:25
21,기초부터 시작하는 머신러닝 스터디,"이 스터디는 머신러닝 학습의 시작점입니다.
이 스터디는 이영환님이 주최했습니다.",jinho87@kakao.com,9,2025-05-31 16:52:25,open,2024-12-03 16:52:25
22,초보자를 위한 수학 스터디,"함께 배우는 수학의 기초부터 심화까지
이 스터디는 김경수님이 주최했습니다.",seohyeongim@gmail.com,6,2025-03-06 16:52:25,open,2024-07-05 16:52:25
23,전문가를 위한 웹 개발 스터디,"함께 배우는 웹 개발의 기초부터 심화까지
이 스터디는 김진우님이 주최했습니다.",minjae34@gmail.com,8,2025-05-02 16:52:25,open,2024-07-27 16:52:25
24,전문가를 위한 웹 개발 스터디,"함께 웹 개발을 깊이 탐구해 봅시다!
이 스터디는 윤성현님이 주최했습니다.",egim@hanmail.net,9,2025-01-27 16:52:25,open,2024-07-05 16:52:25
25,초보자를 위한 디자인 스터디,"디자인에 관심 있는 누구나 참여할 수 있습니다.
이 스터디는 윤명숙님이 주최했습니다.",ubag@kakao.com,7,2025-04-22 16:52:25,open,2024-11-28 16:52:25
26,기초부터 시작하는 인공지능 스터디,"이 스터디는 인공지능 학습의 시작점입니다.
이 스터디는 김보람님이 주최했습니다.",eunjeong13@hanmail.net,8,2025-01-25 16:52:25,open,2024-10-20 16:52:25
27,중급자를 위한 수학 스터디,"이 스터디는 수학 학습의 시작점입니다.
이 스터디는 최명숙님이 주최했습니다.",egim@naver.com,9,2025-02-21 16:52:25,open,2024-07-19 16:52:25
28,기초부터 시작하는 수학 스터디,"수학에 관심 있는 누구나 참여할 수 있습니다.
이 스터디는 박준호님이 주최했습니다.",jucaeweon@gmail.com,9,2025-03-16 16:52:25,open,2024-11-17 16:52:25
29,기초부터 시작하는 수학 스터디,"이 스터디는 수학 학습의 시작점입니다.
이 스터디는 안수빈님이 주최했습니다.",gimgeonu@naver.com,9,2025-06-09 16:52:25,open,2024-12-26 16:52:25
30,중급자를 위한 데이터 분석 스터디,"초보자도 쉽게 따라올 수 있는 데이터 분석 스터디입니다.
이 스터디는 정지아님이 주최했습니다.",sgim@daum.net,5,2025-02-22 16:52:25,open,2024-09-25 16:52:25
31,기초부터 시작하는 머신러닝 스터디,"함께 배우는 머신러닝의 기초부터 심화까지
이 스터디는 박준혁님이 주최했습니다.",gimgyeongja@kakao.com,6,2025-06-19 16:52:25,open,2024-12-06 16:52:25
32,초보자를 위한 디자인 스터디,"초보자도 쉽게 따라올 수 있는 디자인 스터디입니다.
이 스터디는 손상호님이 주최했습니다.",coeyeongsug@daum.net,5,2025-06-10 16:52:25,open,2024-11-24 16:52:25
33,심화 학습 디자인 스터디,"초보자도 쉽게 따라올 수 있는 디자인 스터디입니다.
이 스터디는 심서영님이 주최했습니다.",gangjihu@gmail.com,9,2025-03-08 16:52:25,open,2024-10-20 16:52:25
34,중급자를 위한 수학 스터디,"수학에 관심 있는 누구나 참여할 수 있습니다.
이 스터디는 이정훈님이 주최했습니다.",yeongil62@gmail.com,8,2025-03-20 16:52:25,open,2024-08-10 16:52:25
35,심화 학습 디자인 스터디,"함께 디자인을 깊이 탐구해 봅시다!
이 스터디는 양춘자님이 주최했습니다.",gimsujin@hanmail.net,8,2025-04-30 16:52:25,open,2024-09-05 16:52:25
36,중급자를 위한 인공지능 스터디,"함께 배우는 인공지능의 기초부터 심화까지
이 스터디는 민은지님이 주최했습니다.",ujin78@naver.com,6,2025-03-23 16:52:25,open,2024-12-10 16:52:25
37,기초부터 시작하는 파이썬 스터디,"파이썬에 관심 있는 누구나 참여할 수 있습니다.
이 스터디는 김미영님이 주최했습니다.",jangboram@daum.net,9,2025-03-24 16:52:25,open,2024-07-29 16:52:25
38,심화 학습 파이썬 스터디,"함께 배우는 파이썬의 기초부터 심화까지
이 스터디는 이정수님이 주최했습니다.",seoseongjin@kakao.com,10,2025-02-09 16:52:25,open,2024-10-29 16:52:25
39,초보자를 위한 파이썬 스터디,"함께 파이썬을 깊이 탐구해 봅시다!
이 스터디는 이건우님이 주최했습니다.",migyeong40@hanmail.net,5,2025-06-05 16:52:25,open,2024-10-27 16:52:25
40,기초부터 시작하는 디자인 스터디,"초보자도 쉽게 따라올 수 있는 디자인 스터디입니다.
이 스터디는 이경숙님이 주최했습니다.",sunogi@naver.com,6,2025-06-12 16:52:25,open,2024-11-23 16:52:25
41,중급자를 위한 웹 개발 스터디,"초보자도 쉽게 따라올 수 있는 웹 개발 스터디입니다.
이 스터디는 이영철님이 주최했습니다.",noyeongja@gmail.com,6,2025-05-26 16:52:25,open,2024-09-13 16:52:25
42,심화 학습 파이썬 스터디,"함께 배우는 파이썬의 기초부터 심화까지
이 스터디는 우경희님이 주최했습니다.",tgim@kakao.com,10,2025-05-15 16:52:25,open,2024-09-27 16:52:25
43,전문가를 위한 인공지능 스터디,"초보자도 쉽게 따라올 수 있는 인공지능 스터디입니다.
이 스터디는 양현지님이 주최했습니다.",yeonggil31@naver.com,10,2025-02-07 16:52:25,open,2024-07-07 16:52:25
44,초보자를 위한 파이썬 스터디,"초보자도 쉽게 따라올 수 있는 파이썬 스터디입니다.
이 스터디는 양경자님이 주최했습니다.",caeweongim@daum.net,10,2025-04-21 16:52:25,open,2024-11-29 16:52:25
45,심화 학습 머신러닝 스터디,"이 스터디는 머신러닝 학습의 시작점입니다.
이 스터디는 김채원님이 주최했습니다.",eunseo63@gmail.com,9,2025-05-19 16:52:25,open,2024-11-21 16:52:25
46,전문가를 위한 머신러닝 스터디,"함께 머신러닝을 깊이 탐구해 봅시다!
이 스터디는 문서윤님이 주최했습니다.",dgim@daum.net,8,2025-03-29 16:52:25,open,2024-12-07 16:52:25
47,전문가를 위한 수학 스터디,"수학에 관심 있는 누구나 참여할 수 있습니다.
이 스터디는 윤승민님이 주최했습니다.",junhoi@hanmail.net,5,2025-02-06 16:52:25,open,2024-07-13 16:52:25
48,중급자를 위한 수학 스터디,"함께 배우는 수학의 기초부터 심화까지
이 스터디는 이미영님이 주최했습니다.",cunja14@hanmail.net,5,2025-03-26 16:52:25,open,2024-11-14 16:52:25
49,전문가를 위한 인공지능 스터디,"초보자도 쉽게 따라올 수 있는 인공지능 스터디입니다.
이 스터디는 박영숙님이 주최했습니다.",yi@naver.com,6,2025-05-07 16:52:25,open,2024-12-11 16:52:25
50,심화 학습 인공지능 스터디,"함께 배우는 인공지능의 기초부터 심화까지
이 스터디는 박정희님이 주최했습니다.",yeongceolo@gmail.com,8,2025-04-02 16:52:25,open,2024-09-01 16:52:25
51,기초부터 시작하는 인공지능 스터디,"인공지능에 관심 있는 누구나 참여할 수 있습니다.
이 스터디는 이준혁님이 주최했습니다.",juweongim@daum.net,10,2025-05-29 16:52:25,open,2024-11-17 16:52:25
52,심화 학습 데이터 분석 스터디,"이 스터디는 데이터 분석 학습의 시작점입니다.
이 스터디는 김승현님이 주최했습니다.",migyeong65@kakao.com,5,2025-06-22 16:52:25,open,2024-08-10 16:52:25
53,초보자를 위한 디자인 스터디,"함께 디자인을 깊이 탐구해 봅시다!
이 스터디는 최건우님이 주최했습니다.",ljang@daum.net,5,2025-02-06 16:52:25,open,2024-07-30 16:52:25
54,전문가를 위한 웹 개발 스터디,"웹 개발에 관심 있는 누구나 참여할 수 있습니다.
이 스터디는 박상철님이 주최했습니다.",yeonggil99@hanmail.net,6,2025-02-08 16:52:25,open,2024-08-18 16:52:25
55,초보자를 위한 수학 스터디,"이 스터디는 수학 학습의 시작점입니다.
이 스터디는 김현정님이 주최했습니다.",yan@hanmail.net,5,2025-02-11 16:52:25,open,2024-07-07 16:52:25
56,심화 학습 인공지능 스터디,"함께 배우는 인공지능의 기초부터 심화까지
이 스터디는 김영수님이 주최했습니다.",yeongsuggim@hanmail.net,9,2025-03-29 16:52:25,open,2024-07-31 16:52:25
57,중급자를 위한 파이썬 스터디,"파이썬에 관심 있는 누구나 참여할 수 있습니다.
이 스터디는 이영숙님이 주최했습니다.",bagjiu@kakao.com,5,2025-05-12 16:52:25,open,2024-07-11 16:52:25
58,중급자를 위한 웹 개발 스터디,"웹 개발에 관심 있는 누구나 참여할 수 있습니다.
이 스터디는 김진호님이 주최했습니다.",areumgim@hanmail.net,7,2025-04-01 16:52:25,open,2024-11-04 16:52:25
59,기초부터 시작하는 머신러닝 스터디,"함께 머신러닝을 깊이 탐구해 봅시다!
이 스터디는 박영진님이 주최했습니다.",pgim@daum.net,8,2025-02-27 16:52:25,open,2024-07-08 16:52:25
60,기초부터 시작하는 인공지능 스터디,"함께 인공지능을 깊이 탐구해 봅시다!
이 스터디는 류유진님이 주최했습니다.",hayun79@gmail.com,5,2025-01-27 16:52:25,open,2024-08-31 16:52:25
61,중급자를 위한 웹 개발 스터디,"함께 배우는 웹 개발의 기초부터 심화까지
이 스터디는 윤정훈님이 주최했습니다.",ogsunbag@hanmail.net,5,2025-06-11 16:52:25,open,2024-11-02 16:52:25
62,중급자를 위한 데이터 분석 스터디,"이 스터디는 데이터 분석 학습의 시작점입니다.
이 스터디는 김순옥님이 주최했습니다.",rgang@naver.com,7,2025-02-11 16:52:25,open,2024-10-25 16:52:25
63,기초부터 시작하는 데이터 분석 스터디,"이 스터디는 데이터 분석 학습의 시작점입니다.
이 스터디는 김영순님이 주최했습니다.",gimyeongsig@naver.com,8,2025-06-13 16:52:25,open,2024-06-29 16:52:25
64,기초부터 시작하는 웹 개발 스터디,"웹 개발에 관심 있는 누구나 참여할 수 있습니다.
이 스터디는 최정자님이 주최했습니다.",ni@naver.com,5,2025-06-15 16:52:25,open,2024-10-11 16:52:25
65,초보자를 위한 머신러닝 스터디,"함께 머신러닝을 깊이 탐구해 봅시다!
이 스터디는 손준영님이 주최했습니다.",wbag@gmail.com,5,2025-02-21 16:52:25,open,2024-08-07 16:52:25
66,심화 학습 데이터 분석 스터디,"함께 데이터 분석을 깊이 탐구해 봅시다!
이 스터디는 장주원님이 주최했습니다.",myeongsugi@hanmail.net,9,2025-03-19 16:52:25,open,2024-09-30 16:52:25
67,심화 학습 디자인 스터디,"함께 디자인을 깊이 탐구해 봅시다!
이 스터디는 이영호님이 주최했습니다.",jeongjaheo@daum.net,9,2025-05-30 16:52:25,open,2024-10-23 16:52:25
68,초보자를 위한 파이썬 스터디,"초보자도 쉽게 따라올 수 있는 파이썬 스터디입니다.
이 스터디는 이상철님이 주최했습니다.",gimjihun@daum.net,7,2025-02-05 16:52:25,open,2024-12-26 16:52:25
69,기초부터 시작하는 수학 스터디,"이 스터디는 수학 학습의 시작점입니다.
이 스터디는 박지아님이 주최했습니다.",jeongung64@kakao.com,10,2025-04-02 16:52:25,open,2024-11-15 16:52:25
70,전문가를 위한 웹 개발 스터디,"초보자도 쉽게 따라올 수 있는 웹 개발 스터디입니다.
이 스터디는 윤지연님이 주최했습니다.",eomjeonghun@kakao.com,9,2025-01-27 16:52:25,open,2024-11-28 16:52:25
71,초보자를 위한 디자인 스터디,"이 스터디는 디자인 학습의 시작점입니다.
이 스터디는 장영호님이 주최했습니다.",siugim@naver.com,9,2025-02-03 16:52:25,open,2024-09-23 16:52:25
72,중급자를 위한 웹 개발 스터디,"이 스터디는 웹 개발 학습의 시작점입니다.
이 스터디는 차정희님이 주최했습니다.",gyeongsuggim@gmail.com,8,2025-02-26 16:52:25,open,2024-12-16 16:52:25
73,기초부터 시작하는 데이터 분석 스터디,"함께 배우는 데이터 분석의 기초부터 심화까지
이 스터디는 장진호님이 주최했습니다.",hyeonsuggim@daum.net,7,2025-03-19 16:52:25,open,2024-07-05 16:52:25
74,심화 학습 디자인 스터디,"함께 배우는 디자인의 기초부터 심화까지
이 스터디는 강미숙님이 주최했습니다.",mno@kakao.com,7,2025-06-17 16:52:25,open,2024-09-13 16:52:25
75,중급자를 위한 디자인 스터디,"이 스터디는 디자인 학습의 시작점입니다.
이 스터디는 박정남님이 주최했습니다.",jeonghyi91@daum.net,6,2025-03-07 16:52:25,open,2024-11-11 16:52:25
76,전문가를 위한 파이썬 스터디,"이 스터디는 파이썬 학습의 시작점입니다.
이 스터디는 이성호님이 주최했습니다.",bagjeongho@daum.net,10,2025-04-20 16:52:25,open,2024-09-12 16:52:25
77,심화 학습 데이터 분석 스터디,"이 스터디는 데이터 분석 학습의 시작점입니다.
이 스터디는 윤은정님이 주최했습니다.",bo@hanmail.net,10,2025-02-21 16:52:25,open,2024-09-20 16:52:25
78,초보자를 위한 수학 스터디,"초보자도 쉽게 따라올 수 있는 수학 스터디입니다.
이 스터디는 박정훈님이 주최했습니다.",ubag@hanmail.net,6,2025-03-17 16:52:25,open,2024-08-31 16:52:25
79,기초부터 시작하는 데이터 분석 스터디,"이 스터디는 데이터 분석 학습의 시작점입니다.
이 스터디는 이상훈님이 주최했습니다.",fi@daum.net,6,2025-01-31 16:52:25,open,2024-07-11 16:52:25
80,심화 학습 인공지능 스터디,"함께 인공지능을 깊이 탐구해 봅시다!
이 스터디는 김정희님이 주최했습니다.",jiyeong48@kakao.com,7,2025-02-11 16:52:25,open,2024-10-16 16:52:25
81,기초부터 시작하는 디자인 스터디,"디자인에 관심 있는 누구나 참여할 수 있습니다.
이 스터디는 박지우님이 주최했습니다.",pcoe@kakao.com,8,2025-06-11 16:52:25,open,2024-10-03 16:52:25
82,초보자를 위한 파이썬 스터디,"함께 파이썬을 깊이 탐구해 봅시다!
이 스터디는 엄영철님이 주최했습니다.",ijunho@kakao.com,6,2025-06-22 16:52:25,open,2024-10-20 16:52:25
83,초보자를 위한 파이썬 스터디,"파이썬에 관심 있는 누구나 참여할 수 있습니다.
이 스터디는 권서연님이 주최했습니다.",yeweon44@gmail.com,8,2025-04-23 16:52:25,open,2024-10-07 16:52:25
84,전문가를 위한 웹 개발 스터디,"웹 개발에 관심 있는 누구나 참여할 수 있습니다.
이 스터디는 이미숙님이 주최했습니다.",ogsuni@kakao.com,5,2025-05-03 16:52:25,open,2024-08-01 16:52:25
85,심화 학습 데이터 분석 스터디,"함께 배우는 데이터 분석의 기초부터 심화까지
이 스터디는 김경희님이 주최했습니다.",jaehyeoni@daum.net,10,2025-05-16 16:52:25,open,2024-12-26 16:52:25
86,중급자를 위한 수학 스터디,"수학에 관심 있는 누구나 참여할 수 있습니다.
이 스터디는 박채원님이 주최했습니다.",coeyeonghyi@naver.com,10,2025-03-16 16:52:25,open,2024-09-24 16:52:25
87,전문가를 위한 파이썬 스터디,"함께 파이썬을 깊이 탐구해 봅시다!
이 스터디는 문민석님이 주최했습니다.",gyeongsug75@gmail.com,9,2025-04-15 16:52:25,open,2024-07-10 16:52:25
88,초보자를 위한 디자인 스터디,"함께 디자인을 깊이 탐구해 봅시다!
이 스터디는 김영호님이 주최했습니다.",iminjae@hanmail.net,9,2025-04-14 16:52:25,open,2024-07-09 16:52:25
89,전문가를 위한 데이터 분석 스터디,"초보자도 쉽게 따라올 수 있는 데이터 분석 스터디입니다.
이 스터디는 최우진님이 주최했습니다.",byeongceol31@hanmail.net,10,2025-04-10 16:52:25,open,2024-08-07 16:52:25
90,심화 학습 머신러닝 스터디,"초보자도 쉽게 따라올 수 있는 머신러닝 스터디입니다.
이 스터디는 이윤서님이 주최했습니다.",cbag@hanmail.net,10,2025-05-02 16:52:25,open,2024-07-06 16:52:25
91,심화 학습 웹 개발 스터디,"웹 개발에 관심 있는 누구나 참여할 수 있습니다.
이 스터디는 장민재님이 주최했습니다.",gangogsun@naver.com,7,2025-05-08 16:52:25,open,2024-08-08 16:52:25
92,초보자를 위한 데이터 분석 스터디,"함께 데이터 분석을 깊이 탐구해 봅시다!
이 스터디는 박경희님이 주최했습니다.",minjigim@kakao.com,6,2025-05-15 16:52:25,open,2024-07-31 16:52:25
93,중급자를 위한 디자인 스터디,"함께 디자인을 깊이 탐구해 봅시다!
이 스터디는 안은정님이 주최했습니다.",yeweon71@hanmail.net,8,2025-05-18 16:52:25,open,2024-09-04 16:52:25
94,심화 학습 웹 개발 스터디,"초보자도 쉽게 따라올 수 있는 웹 개발 스터디입니다.
이 스터디는 류명자님이 주최했습니다.",jihunjeong@kakao.com,10,2025-03-09 16:52:25,open,2024-07-11 16:52:25
95,초보자를 위한 데이터 분석 스터디,"데이터 분석에 관심 있는 누구나 참여할 수 있습니다.
이 스터디는 김정수님이 주최했습니다.",eunyeongcoe@gmail.com,10,2025-04-20 16:52:25,open,2024-12-03 16:52:25
96,심화 학습 디자인 스터디,"함께 디자인을 깊이 탐구해 봅시다!
이 스터디는 최중수님이 주최했습니다.",gno@daum.net,6,2025-03-16 16:52:25,open,2024-11-19 16:52:25
97,초보자를 위한 파이썬 스터디,"이 스터디는 파이썬 학습의 시작점입니다.
이 스터디는 최현정님이 주최했습니다.",sumin01@daum.net,8,2025-02-12 16:52:25,open,2024-09-01 16:52:25
98,전문가를 위한 디자인 스터디,"디자인에 관심 있는 누구나 참여할 수 있습니다.
이 스터디는 송현우님이 주최했습니다.",seoyeong27@gmail.com,6,2025-05-03 16:52:25,open,2024-08-22 16:52:25
99,전문가를 위한 머신러닝 스터디,"이 스터디는 머신러닝 학습의 시작점입니다.
이 스터디는 장승민님이 주최했습니다.",vi@kakao.com,10,2025-01-26 16:52:25,open,2024-11-29 16:52:25
100,전문가를 위한 머신러닝 스터디,"이 스터디는 머신러닝 학습의 시작점입니다.
이 스터디는 이옥순님이 주최했습니다.",bagjeongsu@hanmail.net,10,2025-06-06 16:52:25,open,2024-08-30 16:52:25
101,초보자를 위한 웹 개발 스터디,"이 스터디는 웹 개발 학습의 시작점입니다.
이 스터디는 권서영님이 주최했습니다.",yunminseo@gmail.com,5,2025-05-21 16:52:25,open,2024-11-22 16:52:25
102,전문가를 위한 디자인 스터디,"디자인에 관심 있는 누구나 참여할 수 있습니다.
이 스터디는 우우진님이 주최했습니다.",caeweoni@naver.com,9,2025-04-16 16:52:25,open,2024-09-04 16:52:25
103,중급자를 위한 수학 스터디,"수학에 관심 있는 누구나 참여할 수 있습니다.
이 스터디는 김준혁님이 주최했습니다.",yeweoni@gmail.com,8,2025-06-14 16:52:25,open,2024-09-03 16:52:25
104,심화 학습 디자인 스터디,"초보자도 쉽게 따라올 수 있는 디자인 스터디입니다.
이 스터디는 이정자님이 주최했습니다.",bagsanghun@hanmail.net,8,2025-04-01 16:52:25,open,2024-10-24 16:52:25
105,기초부터 시작하는 수학 스터디,"수학에 관심 있는 누구나 참여할 수 있습니다.
이 스터디는 이하은님이 주최했습니다.",ejeon@naver.com,8,2025-03-27 16:52:25,open,2024-10-17 16:52:25
106,전문가를 위한 파이썬 스터디,"함께 파이썬을 깊이 탐구해 봅시다!
이 스터디는 박지은님이 주최했습니다.",jiai@daum.net,6,2025-04-04 16:52:25,open,2024-10-02 16:52:25
107,기초부터 시작하는 웹 개발 스터디,"함께 배우는 웹 개발의 기초부터 심화까지
이 스터디는 박예지님이 주최했습니다.",yeji99@naver.com,6,2025-03-04 16:52:25,open,2024-10-28 16:52:25
108,전문가를 위한 디자인 스터디,"이 스터디는 디자인 학습의 시작점입니다.
이 스터디는 김정식님이 주최했습니다.",minji86@gmail.com,10,2025-03-20 16:52:25,open,2024-12-10 16:52:25
109,전문가를 위한 인공지능 스터디,"함께 인공지능을 깊이 탐구해 봅시다!
이 스터디는 박지훈님이 주최했습니다.",xgim@daum.net,9,2025-05-24 16:52:25,open,2024-09-11 16:52:25
110,초보자를 위한 머신러닝 스터디,"초보자도 쉽게 따라올 수 있는 머신러닝 스터디입니다.
이 스터디는 김영일님이 주최했습니다.",qi@kakao.com,8,2025-06-23 16:52:25,open,2024-07-01 16:52:25
111,초보자를 위한 수학 스터디,"수학에 관심 있는 누구나 참여할 수 있습니다.
이 스터디는 오승민님이 주최했습니다.",jiyeon71@naver.com,8,2025-05-27 16:52:25,open,2024-12-25 16:52:25
112,기초부터 시작하는 데이터 분석 스터디,"초보자도 쉽게 따라올 수 있는 데이터 분석 스터디입니다.
이 스터디는 이미경님이 주최했습니다.",minjunhwang@naver.com,8,2025-06-11 16:52:25,open,2024-08-09 16:52:25
113,중급자를 위한 머신러닝 스터디,"초보자도 쉽게 따라올 수 있는 머신러닝 스터디입니다.
이 스터디는 권채원님이 주최했습니다.",jimin86@daum.net,6,2025-04-04 16:52:25,open,2024-09-06 16:52:25
114,전문가를 위한 파이썬 스터디,"초보자도 쉽게 따라올 수 있는 파이썬 스터디입니다.
이 스터디는 권정자님이 주최했습니다.",gangyeongil@kakao.com,7,2025-05-08 16:52:25,open,2024-11-14 16:52:25
115,전문가를 위한 머신러닝 스터디,"머신러닝에 관심 있는 누구나 참여할 수 있습니다.
이 스터디는 김성호님이 주최했습니다.",bagyeongja@naver.com,9,2025-01-31 16:52:25,open,2024-09-17 16:52:25
116,중급자를 위한 웹 개발 스터디,"함께 배우는 웹 개발의 기초부터 심화까지
이 스터디는 이정순님이 주최했습니다.",hgim@hanmail.net,5,2025-05-14 16:52:25,open,2024-11-22 16:52:25
117,전문가를 위한 머신러닝 스터디,"함께 배우는 머신러닝의 기초부터 심화까지
이 스터디는 박정숙님이 주최했습니다.",jbaeg@hanmail.net,7,2025-05-02 16:52:25,open,2024-10-04 16:52:25
118,심화 학습 인공지능 스터디,"함께 인공지능을 깊이 탐구해 봅시다!
이 스터디는 노현준님이 주최했습니다.",rbae@daum.net,7,2025-05-02 16:52:25,open,2024-10-16 16:52:25
119,전문가를 위한 데이터 분석 스터디,"함께 배우는 데이터 분석의 기초부터 심화까지
이 스터디는 엄준혁님이 주최했습니다.",sunog64@gmail.com,8,2025-01-29 16:52:25,open,2024-08-10 16:52:25
120,초보자를 위한 데이터 분석 스터디,"이 스터디는 데이터 분석 학습의 시작점입니다.
이 스터디는 이현지님이 주최했습니다.",gimseoyeong@daum.net,10,2025-02-11 16:52:25,open,2024-07-13 16:52:25
121,초보자를 위한 수학 스터디,"함께 배우는 수학의 기초부터 심화까지
이 스터디는 김은영님이 주최했습니다.",ki@gmail.com,6,2025-03-17 16:52:25,open,2024-12-21 16:52:25
122,중급자를 위한 머신러닝 스터디,"이 스터디는 머신러닝 학습의 시작점입니다.
이 스터디는 김서연님이 주최했습니다.",sjeon@daum.net,6,2025-05-26 16:52:25,open,2024-07-08 16:52:25
123,초보자를 위한 웹 개발 스터디,"이 스터디는 웹 개발 학습의 시작점입니다.
이 스터디는 안경수님이 주최했습니다.",yeongsun21@kakao.com,8,2025-03-31 16:52:25,open,2024-09-23 16:52:25
124,심화 학습 웹 개발 스터디,"웹 개발에 관심 있는 누구나 참여할 수 있습니다.
이 스터디는 김주원님이 주최했습니다.",yejin14@gmail.com,10,2025-02-23 16:52:25,open,2024-11-15 16:52:25
125,기초부터 시작하는 파이썬 스터디,"파이썬에 관심 있는 누구나 참여할 수 있습니다.
이 스터디는 박지원님이 주최했습니다.",mijeong42@gmail.com,5,2025-04-14 16:52:25,open,2024-08-01 16:52:25
126,전문가를 위한 인공지능 스터디,"이 스터디는 인공지능 학습의 시작점입니다.
이 스터디는 고지민님이 주최했습니다.",eunju71@kakao.com,5,2025-03-28 16:52:25,open,2024-11-30 16:52:25
127,기초부터 시작하는 수학 스터디,"수학에 관심 있는 누구나 참여할 수 있습니다.
이 스터디는 이정호님이 주최했습니다.",zju@daum.net,5,2025-06-18 16:52:25,open,2024-12-16 16:52:25
128,기초부터 시작하는 웹 개발 스터디,"초보자도 쉽게 따라올 수 있는 웹 개발 스터디입니다.
이 스터디는 강진우님이 주최했습니다.",seoyun51@gmail.com,10,2025-04-29 16:52:25,open,2024-12-09 16:52:25
129,중급자를 위한 디자인 스터디,"함께 디자인을 깊이 탐구해 봅시다!
이 스터디는 한재호님이 주최했습니다.",jihyeon31@daum.net,5,2025-05-12 16:52:25,open,2024-08-23 16:52:25
130,초보자를 위한 인공지능 스터디,"함께 인공지능을 깊이 탐구해 봅시다!
이 스터디는 김영철님이 주최했습니다.",gimhayun@kakao.com,10,2025-05-22 16:52:25,open,2024-11-17 16:52:25
131,전문가를 위한 머신러닝 스터디,"머신러닝에 관심 있는 누구나 참여할 수 있습니다.
이 스터디는 이지아님이 주최했습니다.",qbag@naver.com,10,2025-04-04 16:52:25,open,2024-07-22 16:52:25
132,중급자를 위한 수학 스터디,"초보자도 쉽게 따라올 수 있는 수학 스터디입니다.
이 스터디는 곽경수님이 주최했습니다.",jiuyun@hanmail.net,8,2025-05-16 16:52:25,open,2024-07-28 16:52:25
133,기초부터 시작하는 데이터 분석 스터디,"이 스터디는 데이터 분석 학습의 시작점입니다.
이 스터디는 이하윤님이 주최했습니다.",yeongsu73@gmail.com,5,2025-04-06 16:52:25,open,2024-09-02 16:52:25
134,심화 학습 수학 스터디,"초보자도 쉽게 따라올 수 있는 수학 스터디입니다.
이 스터디는 김서영님이 주최했습니다.",minsu43@gmail.com,9,2025-05-02 16:52:25,open,2024-10-01 16:52:25
135,초보자를 위한 인공지능 스터디,"함께 인공지능을 깊이 탐구해 봅시다!
이 스터디는 김준호님이 주최했습니다.",gimjeongung@naver.com,6,2025-05-29 16:52:25,open,2024-11-02 16:52:25
136,기초부터 시작하는 수학 스터디,"함께 수학을 깊이 탐구해 봅시다!
이 스터디는 민유진님이 주최했습니다.",eungyeong90@gmail.com,7,2025-04-06 16:52:25,open,2024-07-27 16:52:25
137,기초부터 시작하는 웹 개발 스터디,"함께 배우는 웹 개발의 기초부터 심화까지
이 스터디는 안영환님이 주최했습니다.",sanghomun@hanmail.net,9,2025-03-14 16:52:25,open,2024-12-05 16:52:25
138,심화 학습 디자인 스터디,"초보자도 쉽게 따라올 수 있는 디자인 스터디입니다.
이 스터디는 신예은님이 주최했습니다.",gimminseog@kakao.com,8,2025-06-16 16:52:25,open,2024-10-26 16:52:25
139,전문가를 위한 디자인 스터디,"초보자도 쉽게 따라올 수 있는 디자인 스터디입니다.
이 스터디는 김지영님이 주최했습니다.",misug17@naver.com,8,2025-01-29 16:52:25,open,2024-12-03 16:52:25
140,기초부터 시작하는 머신러닝 스터디,"초보자도 쉽게 따라올 수 있는 머신러닝 스터디입니다.
이 스터디는 임영식님이 주최했습니다.",hyeonjun00@hanmail.net,10,2025-03-28 16:52:25,open,2024-10-09 16:52:25
141,중급자를 위한 데이터 분석 스터디,"초보자도 쉽게 따라올 수 있는 데이터 분석 스터디입니다.
이 스터디는 김우진님이 주최했습니다.",fgim@gmail.com,9,2025-06-09 16:52:25,open,2024-09-29 16:52:25
142,전문가를 위한 디자인 스터디,"디자인에 관심 있는 누구나 참여할 수 있습니다.
이 스터디는 이지우님이 주최했습니다.",junyeong98@gmail.com,7,2025-04-25 16:52:25,open,2024-06-30 16:52:25
143,전문가를 위한 데이터 분석 스터디,"함께 데이터 분석을 깊이 탐구해 봅시다!
이 스터디는 이춘자님이 주최했습니다.",gosunja@gmail.com,7,2025-03-25 16:52:25,open,2024-11-26 16:52:25
144,심화 학습 데이터 분석 스터디,"함께 배우는 데이터 분석의 기초부터 심화까지
이 스터디는 이숙자님이 주최했습니다.",di@kakao.com,10,2025-06-11 16:52:25,open,2024-07-03 16:52:25
145,심화 학습 머신러닝 스터디,"이 스터디는 머신러닝 학습의 시작점입니다.
이 스터디는 김미숙님이 주최했습니다.",junseo27@gmail.com,10,2025-05-28 16:52:25,open,2024-10-17 16:52:25
146,중급자를 위한 수학 스터디,"수학에 관심 있는 누구나 참여할 수 있습니다.
이 스터디는 장영순님이 주최했습니다.",eunji80@kakao.com,9,2025-04-07 16:52:25,open,2024-12-01 16:52:25
147,심화 학습 데이터 분석 스터디,"이 스터디는 데이터 분석 학습의 시작점입니다.
이 스터디는 윤상현님이 주최했습니다.",umun@hanmail.net,7,2025-03-11 16:52:25,open,2024-10-10 16:52:25
148,초보자를 위한 디자인 스터디,"디자인에 관심 있는 누구나 참여할 수 있습니다.
이 스터디는 김시우님이 주최했습니다.",iboram@hanmail.net,6,2025-04-05 16:52:25,open,2024-12-15 16:52:25
149,초보자를 위한 웹 개발 스터디,"함께 웹 개발을 깊이 탐구해 봅시다!
이 스터디는 이보람님이 주최했습니다.",gangareum@gmail.com,10,2025-02-26 16:52:25,open,2024-07-16 16:52:25
150,전문가를 위한 파이썬 스터디,"함께 배우는 파이썬의 기초부터 심화까지
이 스터디는 김지아님이 주최했습니다.",seoyeoni@hanmail.net,9,2025-04-07 16:52:25,open,2024-08-28 16:52:25
151,전문가를 위한 인공지능 스터디,"함께 인공지능을 깊이 탐구해 봅시다!
이 스터디는 이진우님이 주최했습니다.",junseobag@kakao.com,6,2025-02-07 16:52:25,open,2024-10-23 16:52:25
152,전문가를 위한 파이썬 스터디,"함께 배우는 파이썬의 기초부터 심화까지
이 스터디는 박서준님이 주최했습니다.",yangseongjin@hanmail.net,8,2025-05-30 16:52:25,open,2024-12-08 16:52:25
153,중급자를 위한 디자인 스터디,"함께 배우는 디자인의 기초부터 심화까지
이 스터디는 박숙자님이 주최했습니다.",isangho@naver.com,6,2025-03-04 16:52:25,open,2024-08-04 16:52:25
154,기초부터 시작하는 파이썬 스터디,"이 스터디는 파이썬 학습의 시작점입니다.
이 스터디는 김민수님이 주최했습니다.",junhyeogjo@hanmail.net,5,2025-06-16 16:52:25,open,2024-09-11 16:52:25
155,중급자를 위한 웹 개발 스터디,"웹 개발에 관심 있는 누구나 참여할 수 있습니다.
이 스터디는 김영진님이 주최했습니다.",jaehyeon10@daum.net,6,2025-06-07 16:52:25,open,2024-09-20 16:52:25
156,전문가를 위한 인공지능 스터디,"함께 인공지능을 깊이 탐구해 봅시다!
이 스터디는 서시우님이 주최했습니다.",myeongjajeon@daum.net,9,2025-05-14 16:52:25,open,2024-10-09 16:52:25
157,중급자를 위한 웹 개발 스터디,"함께 배우는 웹 개발의 기초부터 심화까지
이 스터디는 오영자님이 주최했습니다.",uheo@naver.com,9,2025-02-19 16:52:25,open,2024-11-03 16:52:25
158,심화 학습 데이터 분석 스터디,"함께 배우는 데이터 분석의 기초부터 심화까지
이 스터디는 박정순님이 주최했습니다.",ihyeonsug@hanmail.net,6,2025-03-27 16:52:25,open,2024-11-12 16:52:25
159,중급자를 위한 파이썬 스터디,"이 스터디는 파이썬 학습의 시작점입니다.
이 스터디는 강영진님이 주최했습니다.",byeongceol13@kakao.com,5,2025-05-09 16:52:25,open,2024-09-02 16:52:25
160,중급자를 위한 인공지능 스터디,"함께 인공지능을 깊이 탐구해 봅시다!
이 스터디는 김민재님이 주최했습니다.",jieuni@kakao.com,5,2025-03-25 16:52:25,open,2024-10-14 16:52:25
161,기초부터 시작하는 디자인 스터디,"초보자도 쉽게 따라올 수 있는 디자인 스터디입니다.
이 스터디는 권예원님이 주최했습니다.",gimeungyeong@daum.net,5,2025-03-25 16:52:25,open,2024-10-20 16:52:25
162,중급자를 위한 디자인 스터디,"이 스터디는 디자인 학습의 시작점입니다.
이 스터디는 강주원님이 주최했습니다.",jia52@kakao.com,8,2025-02-23 16:52:25,open,2024-08-09 16:52:25
163,심화 학습 디자인 스터디,"이 스터디는 디자인 학습의 시작점입니다.
이 스터디는 구미경님이 주최했습니다.",xgim@kakao.com,7,2025-03-02 16:52:25,open,2024-12-08 16:52:25
164,초보자를 위한 머신러닝 스터디,"함께 머신러닝을 깊이 탐구해 봅시다!
이 스터디는 백영환님이 주최했습니다.",jbag@naver.com,9,2025-06-19 16:52:25,open,2024-10-14 16:52:25
165,전문가를 위한 파이썬 스터디,"초보자도 쉽게 따라올 수 있는 파이썬 스터디입니다.
이 스터디는 송준영님이 주최했습니다.",jeongsubag@kakao.com,10,2025-04-12 16:52:25,open,2024-06-30 16:52:25
166,전문가를 위한 데이터 분석 스터디,"데이터 분석에 관심 있는 누구나 참여할 수 있습니다.
이 스터디는 이서준님이 주최했습니다.",bagseongho@kakao.com,9,2025-05-31 16:52:25,open,2024-09-05 16:52:25
167,초보자를 위한 웹 개발 스터디,"함께 배우는 웹 개발의 기초부터 심화까지
이 스터디는 윤명자님이 주최했습니다.",rhwang@hanmail.net,8,2025-04-17 16:52:25,open,2024-07-25 16:52:25
168,기초부터 시작하는 파이썬 스터디,"함께 배우는 파이썬의 기초부터 심화까지
이 스터디는 차은영님이 주최했습니다.",coejunyeong@kakao.com,6,2025-06-21 16:52:25,open,2024-07-29 16:52:25
169,초보자를 위한 수학 스터디,"함께 수학을 깊이 탐구해 봅시다!
이 스터디는 주정식님이 주최했습니다.",jeongungcoe@daum.net,9,2025-02-04 16:52:25,open,2024-11-12 16:52:25
170,전문가를 위한 웹 개발 스터디,"초보자도 쉽게 따라올 수 있는 웹 개발 스터디입니다.
이 스터디는 서정순님이 주최했습니다.",boram52@daum.net,7,2025-03-12 16:52:25,open,2024-07-30 16:52:25
171,전문가를 위한 디자인 스터디,"초보자도 쉽게 따라올 수 있는 디자인 스터디입니다.
이 스터디는 김상철님이 주최했습니다.",yunjihun@naver.com,5,2025-05-25 16:52:25,open,2024-09-28 16:52:25
172,전문가를 위한 데이터 분석 스터디,"함께 데이터 분석을 깊이 탐구해 봅시다!
이 스터디는 서옥자님이 주최했습니다.",ieunyeong@gmail.com,10,2025-02-20 16:52:25,open,2024-11-15 16:52:25
173,기초부터 시작하는 인공지능 스터디,"초보자도 쉽게 따라올 수 있는 인공지능 스터디입니다.
이 스터디는 배정희님이 주최했습니다.",jiyeong92@naver.com,7,2025-05-07 16:52:25,open,2024-08-08 16:52:25
174,초보자를 위한 인공지능 스터디,"함께 배우는 인공지능의 기초부터 심화까지
이 스터디는 권지영님이 주최했습니다.",iyeongsug@daum.net,7,2025-03-30 16:52:25,open,2024-10-05 16:52:25
175,초보자를 위한 수학 스터디,"초보자도 쉽게 따라올 수 있는 수학 스터디입니다.
이 스터디는 이현정님이 주최했습니다.",mijeongi@daum.net,9,2025-01-25 16:52:25,open,2024-07-11 16:52:25
176,중급자를 위한 인공지능 스터디,"초보자도 쉽게 따라올 수 있는 인공지능 스터디입니다.
이 스터디는 주지은님이 주최했습니다.",sbag@kakao.com,5,2025-03-14 16:52:25,open,2024-08-16 16:52:25
177,기초부터 시작하는 웹 개발 스터디,"초보자도 쉽게 따라올 수 있는 웹 개발 스터디입니다.
이 스터디는 심정식님이 주최했습니다.",jiyeongim@kakao.com,10,2025-05-18 16:52:25,open,2024-12-13 16:52:25
178,심화 학습 데이터 분석 스터디,"데이터 분석에 관심 있는 누구나 참여할 수 있습니다.
이 스터디는 김영희님이 주최했습니다.",iyunseo@daum.net,6,2025-04-08 16:52:25,open,2024-09-05 16:52:25
179,전문가를 위한 파이썬 스터디,"함께 배우는 파이썬의 기초부터 심화까지
이 스터디는 박상호님이 주최했습니다.",eunjison@hanmail.net,10,2025-03-27 16:52:25,open,2024-11-16 16:52:25
180,기초부터 시작하는 웹 개발 스터디,"함께 배우는 웹 개발의 기초부터 심화까지
이 스터디는 이민서님이 주최했습니다.",idoyun@kakao.com,9,2025-05-09 16:52:25,open,2024-12-03 16:52:25
181,심화 학습 수학 스터디,"함께 배우는 수학의 기초부터 심화까지
이 스터디는 한영길님이 주최했습니다.",ijeongsun@gmail.com,8,2025-02-24 16:52:25,open,2024-07-14 16:52:25
182,심화 학습 인공지능 스터디,"함께 인공지능을 깊이 탐구해 봅시다!
이 스터디는 노우진님이 주최했습니다.",baeggwangsu@hanmail.net,9,2025-04-04 16:52:25,open,2024-09-11 16:52:25
183,전문가를 위한 인공지능 스터디,"이 스터디는 인공지능 학습의 시작점입니다.
이 스터디는 김재현님이 주최했습니다.",sgim@kakao.com,8,2025-06-15 16:52:25,open,2024-11-19 16:52:25
184,전문가를 위한 머신러닝 스터디,"머신러닝에 관심 있는 누구나 참여할 수 있습니다.
이 스터디는 이우진님이 주최했습니다.",fgim@kakao.com,9,2025-02-28 16:52:25,open,2024-12-09 16:52:25
185,기초부터 시작하는 수학 스터디,"초보자도 쉽게 따라올 수 있는 수학 스터디입니다.
이 스터디는 안예진님이 주최했습니다.",seoyeonggim@kakao.com,7,2025-06-03 16:52:25,open,2024-10-19 16:52:25
186,초보자를 위한 데이터 분석 스터디,"함께 데이터 분석을 깊이 탐구해 봅시다!
이 스터디는 김경자님이 주최했습니다.",igyeongsug@daum.net,9,2025-06-22 16:52:25,open,2024-07-11 16:52:25
187,전문가를 위한 수학 스터디,"이 스터디는 수학 학습의 시작점입니다.
이 스터디는 서순옥님이 주최했습니다.",iyejin@hanmail.net,8,2025-06-11 16:52:25,open,2024-08-25 16:52:25
188,기초부터 시작하는 데이터 분석 스터디,"데이터 분석에 관심 있는 누구나 참여할 수 있습니다.
이 스터디는 임현지님이 주최했습니다.",ijeongung@kakao.com,9,2025-05-01 16:52:25,open,2024-09-01 16:52:25
189,기초부터 시작하는 수학 스터디,"이 스터디는 수학 학습의 시작점입니다.
이 스터디는 노경희님이 주최했습니다.",zgang@kakao.com,10,2025-03-27 16:52:25,open,2024-08-02 16:52:25
190,전문가를 위한 머신러닝 스터디,"초보자도 쉽게 따라올 수 있는 머신러닝 스터디입니다.
이 스터디는 박혜진님이 주최했습니다.",donghyeongim@daum.net,5,2025-04-16 16:52:25,open,2024-08-27 16:52:25
191,전문가를 위한 인공지능 스터디,"이 스터디는 인공지능 학습의 시작점입니다.
이 스터디는 문광수님이 주최했습니다.",wgim@kakao.com,8,2025-02-03 16:52:25,open,2024-11-24 16:52:25
192,중급자를 위한 웹 개발 스터디,"함께 웹 개발을 깊이 탐구해 봅시다!
이 스터디는 성성진님이 주최했습니다.",yejun56@kakao.com,5,2025-05-17 16:52:25,open,2024-12-01 16:52:25
193,중급자를 위한 인공지능 스터디,"함께 배우는 인공지능의 기초부터 심화까지
이 스터디는 서미경님이 주최했습니다.",myeongjabag@kakao.com,10,2025-03-02 16:52:25,open,2024-09-13 16:52:25
194,심화 학습 파이썬 스터디,"초보자도 쉽게 따라올 수 있는 파이썬 스터디입니다.
이 스터디는 이은영님이 주최했습니다.",minjii@gmail.com,7,2025-04-21 16:52:25,open,2024-07-20 16:52:25
195,전문가를 위한 디자인 스터디,"함께 배우는 디자인의 기초부터 심화까지
이 스터디는 문성현님이 주최했습니다.",cgim@naver.com,7,2025-06-10 16:52:25,open,2024-09-20 16:52:25
196,기초부터 시작하는 디자인 스터디,"초보자도 쉽게 따라올 수 있는 디자인 스터디입니다.
이 스터디는 장영희님이 주최했습니다.",yi@gmail.com,9,2025-02-03 16:52:25,open,2024-07-21 16:52:25
197,초보자를 위한 머신러닝 스터디,"함께 머신러닝을 깊이 탐구해 봅시다!
이 스터디는 최예준님이 주최했습니다.",minjaehwang@naver.com,6,2025-02-17 16:52:25,open,2024-09-06 16:52:25
198,초보자를 위한 수학 스터디,"함께 배우는 수학의 기초부터 심화까지
이 스터디는 이진호님이 주최했습니다.",xha@daum.net,8,2025-03-08 16:52:25,open,2024-07-02 16:52:25
199,기초부터 시작하는 파이썬 스터디,"함께 배우는 파이썬의 기초부터 심화까지
이 스터디는 이선영님이 주최했습니다.",seomyeongja@daum.net,7,2025-02-08 16:52:25,open,2024-10-12 16:52:25
200,기초부터 시작하는 데이터 분석 스터디,"초보자도 쉽게 따라올 수 있는 데이터 분석 스터디입니다.
이 스터디는 박미영님이 주최했습니다.",ngim@naver.com,6,2025-03-28 16:52:25,open,2024-08-13 16:52:25
